{
	"events": [
		{
			"character": "",
			"event_id": "dialogic_001",
			"portrait": "",
			"text": "[color=#A5EFAC]CLIQUE[/color] NO BOTÃO ESQUERDO DO MOUSE OU [color=#A5EFAC]ENTER[/color] PARA INTERAGIR.\nPRESSIONE A SETA PARA [color=#A5EFAC]ESQUERDA[/color] OU PARA [color=#A5EFAC]DIREITA[/color] PARA SE MOVER."
		},
		{
			"event_id": "dialogic_024",
			"set_theme": "default-theme.cfg"
		},
		{
			"event_id": "dialogic_022",
			"transition_duration": 0.5
		}
	],
	"metadata": {
		"dialogic-version": "1.4.4",
		"file": "timeline-1660777862.json",
		"name": "ControleAD"
	}
}
