{
	"events": [
		{
			"event_id": "dialogic_024",
			"set_theme": "theme-1665702906.cfg"
		},
		{
			"animation": "instant_in.gd",
			"animation_length": 0,
			"change_mirror_portrait": false,
			"change_z_index": false,
			"character": "character-1665676000.json",
			"event_id": "dialogic_002",
			"mirror_portrait": false,
			"portrait": "Default",
			"portrait_definition": "",
			"position": {
				"0": false,
				"1": false,
				"2": true,
				"3": false,
				"4": false
			},
			"type": 0,
			"z_index": 1
		},
		{
			"character": "character-1665676000.json",
			"event_id": "dialogic_001",
			"portrait": "",
			"text": "(Sinto um mau pressentimento...)"
		},
		{
			"event_id": "dialogic_022",
			"transition_duration": 0.5
		}
	],
	"metadata": {
		"dialogic-version": "1.4.4",
		"file": "timeline-1665676675.json",
		"name": "Aviso_boss"
	}
}
