{
	"files": [

	],
	"folders": {
		"Characters": {
			"files": [
				"character-1665676000.json",
				"character-1667720078.json"
			],
			"folders": {

			},
			"metadata": {
				"color": null,
				"folded": false
			}
		},
		"Definitions": {
			"files": [

			],
			"folders": {

			},
			"metadata": {
				"color": null,
				"folded": false
			}
		},
		"Themes": {
			"files": [
				"default-theme.cfg",
				"theme-1665702906.cfg"
			],
			"folders": {

			},
			"metadata": {
				"color": null,
				"folded": false
			}
		},
		"Timelines": {
			"files": [
				"timeline-1660777862.json",
				"timeline-1661302211.json",
				"timeline-1661474275.json",
				"timeline-1662743532.json",
				"timeline-1665676675.json",
				"timeline-1667720005.json"
			],
			"folders": {

			},
			"metadata": {
				"color": null,
				"folded": false
			}
		}
	}
}
